check_id,name,expected,description,path_to_check,category,base_check_id,pretty_name
RES-007-0,res-007-0-no-limitrange-object-for-namespace,alert,,LimitRange.metadata.namespace,Reliability,RES-007,No Limitrange Object For Namespace
RES-007-1,res-007-1-no-default-cpu-request-for-namespace,alert,,LimitRange.spec.limits.defaultRequest.cpu|.spec.limits.defaultRequest.cpu,Reliability,RES-007,No Default Cpu Request For Namespace
RES-007-2,res-007-2-no-default-cpu-limits-for-namespace,alert,,LimitRange.spec.limits.default.cpu|.spec.limits.default.cpu,Reliability,RES-007,No Default Cpu Limits For Namespace
RES-007-3,res-007-3-no-cpu-limits-for-namespace,alert,,LimitRange.spec.limits.min.cpu|LimitRange.spec.limits.max.cpu|.spec.limits.min.cpu|.spec.limits.max.cpu,Reliability,RES-007,No Cpu Limits For Namespace
RES-008-1,res-008-1-no-default-memory-request-for-namespace,alert,,LimitRange.spec.limits.defaultRequest.memory|.spec.limits.defaultRequest.memory,Reliability,RES-008,No Default Memory Request For Namespace
RES-008-2,res-008-2-no-default-memory-limits-for-namespace,alert,,LimitRange.spec.limits.default.memory|.spec.limits.default.memory,Reliability,RES-008,No Default Memory Limits For Namespace
RES-008-3,res-008-3-no-default-memory-limits-for-namespace,alert,,LimitRange.spec.limits.min.memory|LimitRange.spec.limits.max.memory|.spec.limits.min.memory|.spec.limits.max.memory,Reliability,RES-008,No Default Memory Limits For Namespace
RES-009-1,res-009-1-no-resource-quota-applied-to-namespace,alert,,ResourceQuota.metadata.namespace,Reliability,RES-009,No Resource Quota Applied To Namespace
RES-009-2,res-009-2-no-hard-quotas-defined-in-resourcequota-for-namespace,alert,,ResourceQuota.spec.hard.cpu|ResourceQuota.spec.hard.memory|ResourceQuota.spec.hard.requests.cpu|ResourceQuota.spec.hard.requests.memory|ResourceQuota.spec.hard.pods|.spec.hard.cpu|.spec.hard.memory|.spec.hard.requests.cpu|.spec.hard.requests.memory|.spec.hard.pods,Reliability,RES-009,No Hard Quotas Defined In Resourcequota For Namespace
PSA-001,psa-001-no-pod-security-admission-label-configured,alert,at least the baseline PodSecurity level should be used for the namespace,Namespace.metadata.labels.pod-security.kubernetes.io,AdmissionControl,PSA-001,No Pod Security Admission Label Configured
PSA-002,psa-002-using--privileged--pod-security-standard-is-insecure,alert,Privileged pod security standard imposes no restrictions and may allow for known privilege escalations,Namespace.metadata.labels.pod-security.kubernetes.io,AdmissionControl,PSA-002,Using  Privileged  Pod Security Standard Is Insecure
PSA-003,psa-003-just-warning-about-violations-of-the-pod-security-stand,alert,When only warnings for violations are generated insecure workloads can still be deployed,Namespace.metadata.labels.pod-security.kubernetes.io,AdmissionControl,PSA-003,Just Warning About Violations Of The Pod Security Stand
RBAC-001-1,rbac-001-1-use-cluster-admin-role,alert,The role cluster-admin provides wide-ranging powers over the environment and should be used only where and when needed,RoleBinding.roleRef.name|ClusterRoleBinding.roleRef.name|.roleRef.name,IAM,RBAC-001,Use Cluster Admin Role
RBAC-002-1,rbac-002-1-read-access-to-secrets,alert,Attackers who have permissions to retrieve the secrets can access sensitive information,ClusterRole.rules[].resources|Role.rules[].resources|.rules[].resources,IAM,RBAC-002,Read Access To Secrets
RBAC-002-2,rbac-002-2-read-access-to-secrets,alert,Attackers who have permissions to retrieve the secrets can access sensitive information,ClusterRole.rules[].resources|Role.rules[].resources|.rules[].resources,IAM,RBAC-002,Read Access To Secrets
RBAC-002-3,rbac-002-3-read-access-to-secrets,alert,Attackers who have permissions to retrieve the secrets can access sensitive information,ClusterRole.rules[].resources|Role.rules[].resources|.rules[].resources,IAM,RBAC-002,Read Access To Secrets
RBAC-003-1,rbac-003-1-role-use-resource-wildcard,alert,Allowing wildcards violates principle of least privilege,ClusterRole.rules[].resources|Role.rules[].resources|.rules[].resources,IAM,RBAC-003,Role Use Resource Wildcard
RBAC-003-3,rbac-003-3-role-use-verb-wildcard,alert,Allowing wildcards violates principle of least privilege,ClusterRole.rules[].verbs|Role.rules[].verbs|.rules[].verbs,IAM,RBAC-003,Role Use Verb Wildcard
RBAC-003-5,rbac-003-5-role-use-verb-wildcard,alert,Allowing wildcards violates principle of least privilege,ClusterRole.rules[].verbs|Role.rules[].verbs|.rules[].verbs,IAM,RBAC-003,Role Use Verb Wildcard
RBAC-004-1,rbac-004-1-role-creates-pods,alert,The ability to create pods in a cluster opens up possibilities for privilege escalation,ClusterRole.rules[].verbs|ClusterRole.rules[].resources|Role.rules[].verbs|Role.rules[].resources|.rules[].verbs|.rules[].resources,IAM,RBAC-004,Role Creates Pods
RBAC-004-2,rbac-004-2-role-creates-pods,alert,The ability to create pods in a cluster opens up possibilities for privilege escalation,ClusterRole.rules[].verbs|ClusterRole.rules[].resources|Role.rules[].verbs|Role.rules[].resources|.rules[].verbs|.rules[].resources,IAM,RBAC-004,Role Creates Pods
RBAC-004-3,rbac-004-3-role-creates-pods,alert,The ability to create pods in a cluster opens up possibilities for privilege escalation,ClusterRole.rules[].verbs|ClusterRole.rules[].resources|Role.rules[].verbs|Role.rules[].resources|.rules[].verbs|.rules[].resources,IAM,RBAC-004,Role Creates Pods
RBAC-004-4,rbac-004-4-role-creates-pods,alert,The ability to create pods in a cluster opens up possibilities for privilege escalation,ClusterRole.rules[].verbs|ClusterRole.rules[].resources|Role.rules[].verbs|Role.rules[].resources|.rules[].verbs|.rules[].resources,IAM,RBAC-004,Role Creates Pods
RBAC-005-1,rbac-005-1-role-attaches-to-pods,alert,Allowing roles to attach to pods can be dangerous,ClusterRole.rules[].resources|Role.rules[].resources|.rules[].resources,IAM,RBAC-005,Role Attaches To Pods
RBAC-006-1,rbac-006-1-role-exec-into-pods,alert,Attackers can run malicious commands in containers in the cluster using exec command,ClusterRole.rules[].resources|Role.rules[].resources|.rules[].resources,IAM,RBAC-006,Role Exec Into Pods
RBAC-007-1,rbac-007-1-role-binds-default-serviceaccount,alert,the default servicaccount should never be actively used,ClusterRoleBinding.subjects[].name|RoleBinding.subjects[].name|.subjects[].name,IAM,RBAC-007,Role Binds Default Serviceaccount
RBAC-008-1,rbac-008-1-role-port-forward-pods,alert,Attackers can open a backdoor communication channel directly to the sockets inside target container bypassing network security restrictions,ClusterRole.rules[].resources|Role.rules[].resources|.rules[].resources,IAM,RBAC-008,Role Port Forward Pods
RBAC-008-2,rbac-008-2-role-port-forward-pods,alert,Attackers can open a backdoor communication channel directly to the sockets inside target container bypassing network security restrictions,ClusterRole.rules[].resources|Role.rules[].resources|.rules[].resources,IAM,RBAC-008,Role Port Forward Pods
RBAC-008-3,rbac-008-3-role-port-forward-pods,alert,Attackers can open a backdoor communication channel directly to the sockets inside target container bypassing network security restrictions,ClusterRole.rules[].resources|Role.rules[].resources|.rules[].resources,IAM,RBAC-008,Role Port Forward Pods
RBAC-009-1,rbac-009-1-role-impersonation,alert,The impersonate privilege allows a subject to impersonate other users gaining their rights to the cluster,ClusterRole.rules[].verbs|Role.rules[].verbs|.rules[].verbs,IAM,RBAC-009,Role Impersonation
RBAC-010-1,rbac-010-1-role-manages-rbac,alert,Attackers can escalate privileges if they can update roles,ClusterRole.rules[].resources|ClusterRole.rules[].verbs|Role.rules[].resources|Role.rules[].verbs|.rules[].resources|.rules[].verbs,IAM,RBAC-010,Role Manages Rbac
RBAC-010-2,rbac-010-2-role-manages-rbac,alert,Attackers can escalate privileges if they can update roles,ClusterRole.rules[].resources|ClusterRole.rules[].verbs|Role.rules[].resources|Role.rules[].verbs|.rules[].resources|.rules[].verbs,IAM,RBAC-010,Role Manages Rbac
RBAC-010-3,rbac-010-3-role-manages-rbac,alert,Attackers can escalate privileges if they can update roles,ClusterRole.rules[].resources|ClusterRole.rules[].verbs|Role.rules[].resources|Role.rules[].verbs|.rules[].resources|.rules[].verbs,IAM,RBAC-010,Role Manages Rbac
RBAC-010-4,rbac-010-4-role-manages-rbac,alert,Attackers can escalate privileges if they can update roles,ClusterRole.rules[].resources|ClusterRole.rules[].verbs|Role.rules[].resources|Role.rules[].verbs|.rules[].resources|.rules[].verbs,IAM,RBAC-010,Role Manages Rbac
RBAC-020-1,rbac-020-1-role-manages-rbac,alert,Attackers can escalate privileges if they can update roles,ClusterRole.rules[].resources|ClusterRole.rules[].verbs|Role.rules[].resources|Role.rules[].verbs|.rules[].resources|.rules[].verbs,IAM,RBAC-020,Role Manages Rbac
RBAC-020-2,rbac-020-2-role-manages-rbac,alert,Attackers can escalate privileges if they can update roles,ClusterRole.rules[].resources|ClusterRole.rules[].verbs|Role.rules[].resources|Role.rules[].verbs|.rules[].resources|.rules[].verbs,IAM,RBAC-020,Role Manages Rbac
RBAC-020-3,rbac-020-3-role-manages-rbac,alert,Attackers can escalate privileges if they can update roles,ClusterRole.rules[].resources|ClusterRole.rules[].verbs|Role.rules[].resources|Role.rules[].verbs|.rules[].resources|.rules[].verbs,IAM,RBAC-020,Role Manages Rbac
RBAC-020-4,rbac-020-4-role-manages-rbac,alert,Attackers can escalate privileges if they can update roles,ClusterRole.rules[].resources|ClusterRole.rules[].verbs|Role.rules[].resources|Role.rules[].verbs|.rules[].resources|.rules[].verbs,IAM,RBAC-020,Role Manages Rbac
RBAC-012-1,rbac-012-1-role-info-disclosure,alert,Attackers can use disclosed information to plan their next steps,ClusterRole.rules[].resources|ClusterRole.rules[].verbs|Role.rules[].resources|Role.rules[].verbs|.rules[].resources|.rules[].verbs,IAM,RBAC-012,Role Info Disclosure
RBAC-012-2,rbac-012-2-role-info-disclosure,alert,Attackers can use disclosed information to plan their next steps,ClusterRole.rules[].resources|ClusterRole.rules[].verbs|Role.rules[].resources|Role.rules[].verbs|.rules[].resources|.rules[].verbs,IAM,RBAC-012,Role Info Disclosure
RBAC-012-3,rbac-012-3-role-info-disclosure,alert,Attackers can use disclosed information to plan their next steps,ClusterRole.rules[].resources|ClusterRole.rules[].verbs|Role.rules[].resources|Role.rules[].verbs|.rules[].resources|.rules[].verbs,IAM,RBAC-012,Role Info Disclosure
RBAC-013-1,rbac-013-1-role-destructive,alert,Attackers can use destructive permissions to destroy data and resources,ClusterRole.rules[].verbs|Role.rules[].verbs|.rules[].verbs,IAM,RBAC-013,Role Destructive
RBAC-013-2,rbac-013-2-role-destructive,alert,Attackers can use destructive permissions to destroy data and resources,ClusterRole.rules[].verbs|Role.rules[].verbs|.rules[].verbs,IAM,RBAC-013,Role Destructive
RBAC-014-1,rbac-014-1-role-event-deletion,alert,attackers may want to delete events in an attempt to avoid detection of their activity,ClusterRole.rules[].verbs|Role.rules[].verbs|.rules[].verbs,IAM,RBAC-014,Role Event Deletion
RBAC-014-2,rbac-014-2-role-event-deletion,alert,attackers may want to delete events in an attempt to avoid detection of their activity,ClusterRole.rules[].verbs|Role.rules[].verbs|.rules[].verbs,IAM,RBAC-014,Role Event Deletion
RBAC-015-1,rbac-015-1-role-core-dns-poisoning,alert,an attacker can poison the DNS server if he can modify configuration of the coreDNS server ,ClusterRole.rules[].verbs|Role.rules[].verbs|.rules[].verbs,IAM,RBAC-015,Role Core Dns Poisoning
RBAC-015-2,rbac-015-2-role-core-dns-poisoning,alert,an attacker can poison the DNS server if he can modify configuration of the coreDNS server ,ClusterRole.rules[].verbs|Role.rules[].verbs|.rules[].verbs,IAM,RBAC-015,Role Core Dns Poisoning
RBAC-021-1,rbac-021-1-only-admins-should-be-able-to-create-persistent-volumes,alert,,ClusterRole.rules[].resources|ClusterRole.rules[].verbs|Role.rules[].resources|Role.rules[].verbs|.rules[].resources|.rules[].verbs,IAM,RBAC-021,Only Admins Should Be Able To Create Persistent Volumes
RBAC-021-2,rbac-021-2-only-admins-should-be-able-to-update-persistent-volumes,alert,,ClusterRole.rules[].resources|ClusterRole.rules[].verbs|Role.rules[].resources|Role.rules[].verbs|.rules[].resources|.rules[].verbs,IAM,RBAC-021,Only Admins Should Be Able To Update Persistent Volumes
RBAC-021-3,rbac-021-3-only-admins-should-be-able-to-patch-persistent-volumes,alert,,ClusterRole.rules[].resources|ClusterRole.rules[].verbs|Role.rules[].resources|Role.rules[].verbs|.rules[].resources|.rules[].verbs,IAM,RBAC-021,Only Admins Should Be Able To Patch Persistent Volumes
RBAC-022-1,rbac-022-1-role-can-manage-networkpolicy,alert,(),ClusterRole.rules[].resources|ClusterRole.rules[].verbs|Role.rules[].resources|Role.rules[].verbs|.rules[].resources|.rules[].verbs,IAM,RBAC-022,Role Can Manage Networkpolicy
RBAC-022-2,rbac-022-2-role-can-manage-networkpolicy,alert,(),ClusterRole.rules[].resources|ClusterRole.rules[].verbs|Role.rules[].resources|Role.rules[].verbs|.rules[].resources|.rules[].verbs,IAM,RBAC-022,Role Can Manage Networkpolicy
RBAC-022-3,rbac-022-3-role-can-manage-networkpolicy,alert,(),ClusterRole.rules[].resources|ClusterRole.rules[].verbs|Role.rules[].resources|Role.rules[].verbs|.rules[].resources|.rules[].verbs,IAM,RBAC-022,Role Can Manage Networkpolicy
RBAC-001-2,rbac-001-2-use-cluster-admin-role-cluster-wide,alert,The role cluster-admin provides wide-ranging powers over the environment and should be used only where and when needed,RoleBinding.roleRef.name|ClusterRoleBinding.roleRef.name|.roleRef.name,IAM,RBAC-001,Use Cluster Admin Role Cluster Wide
RBAC-002-4,rbac-002-4-read-access-to-secrets,alert,Attackers who have permissions to retrieve the secrets can access sensitive information,ClusterRole.rules[].resources|Role.rules[].resources|.rules[].resources,IAM,RBAC-002,Read Access To Secrets
RBAC-002-5,rbac-002-5-read-access-to-secrets,alert,Attackers who have permissions to retrieve the secrets can access sensitive information,ClusterRole.rules[].resources|Role.rules[].resources|.rules[].resources,IAM,RBAC-002,Read Access To Secrets
RBAC-002-6,rbac-002-6-read-access-to-secrets,alert,Attackers who have permissions to retrieve the secrets can access sensitive information,ClusterRole.rules[].resources|Role.rules[].resources|.rules[].resources,IAM,RBAC-002,Read Access To Secrets
RBAC-003-2,rbac-003-2-cluster-role-use-resource-wildcard,alert,Allowing wildcards violates principle of least privilege,ClusterRole.rules[].resources|Role.rules[].resources|.rules[].resources,IAM,RBAC-003,Cluster Role Use Resource Wildcard
RBAC-003-4,rbac-003-4-cluster-role-use-verb-wildcard,alert,Allowing wildcards violates principle of least privilege,ClusterRole.rules[].verbs|Role.rules[].verbs|.rules[].verbs,IAM,RBAC-003,Cluster Role Use Verb Wildcard
RBAC-003-6,rbac-003-6-cluster-role-use-verb-wildcard,alert,Allowing wildcards violates principle of least privilege,ClusterRole.rules[].verbs|Role.rules[].verbs|.rules[].verbs,IAM,RBAC-003,Cluster Role Use Verb Wildcard
RBAC-004-5,rbac-004-5-cluster-role-creates-pods,alert,The ability to create pods in a cluster opens up possibilities for privilege escalation,ClusterRole.rules[].verbs|ClusterRole.rules[].resources|Role.rules[].verbs|Role.rules[].resources|.rules[].verbs|.rules[].resources,IAM,RBAC-004,Cluster Role Creates Pods
RBAC-004-6,rbac-004-6-cluster-role-creates-pods,alert,The ability to create pods in a cluster opens up possibilities for privilege escalation,ClusterRole.rules[].verbs|ClusterRole.rules[].resources|Role.rules[].verbs|Role.rules[].resources|.rules[].verbs|.rules[].resources,IAM,RBAC-004,Cluster Role Creates Pods
RBAC-004-7,rbac-004-7-cluster-role-creates-pods,alert,The ability to create pods in a cluster opens up possibilities for privilege escalation,ClusterRole.rules[].verbs|ClusterRole.rules[].resources|Role.rules[].verbs|Role.rules[].resources|.rules[].verbs|.rules[].resources,IAM,RBAC-004,Cluster Role Creates Pods
RBAC-004-8,rbac-004-8-cluster-role-creates-pods,alert,The ability to create pods in a cluster opens up possibilities for privilege escalation,ClusterRole.rules[].verbs|ClusterRole.rules[].resources|Role.rules[].verbs|Role.rules[].resources|.rules[].verbs|.rules[].resources,IAM,RBAC-004,Cluster Role Creates Pods
RBAC-005-2,rbac-005-2-cluster-role-attaches-to-pods,alert,Allowing roles to attach to pods can be dangerous,ClusterRole.rules[].resources|Role.rules[].resources|.rules[].resources,IAM,RBAC-005,Cluster Role Attaches To Pods
RBAC-006-2,rbac-006-2-cluster-role-exec-into-pods,alert,Attackers can run malicious commands in containers in the cluster using exec command,ClusterRole.rules[].resources|Role.rules[].resources|.rules[].resources,IAM,RBAC-006,Cluster Role Exec Into Pods
RBAC-007-2,rbac-007-2-cluster-role-binds-default-serviceaccount,alert,the default servicaccount should never be actively used,ClusterRoleBinding.subjects[].name|RoleBinding.subjects[].name|.subjects[].name,IAM,RBAC-007,Cluster Role Binds Default Serviceaccount
RBAC-008-4,rbac-008-4-cluster-role-port-forward-pods,alert,Attackers can open a backdoor communication channel directly to the sockets inside target container bypassing network security restrictions,ClusterRole.rules[].resources|Role.rules[].resources|.rules[].resources,IAM,RBAC-008,Cluster Role Port Forward Pods
RBAC-008-5,rbac-008-5-cluster-role-port-forward-pods,alert,Attackers can open a backdoor communication channel directly to the sockets inside target container bypassing network security restrictions,ClusterRole.rules[].resources|Role.rules[].resources|.rules[].resources,IAM,RBAC-008,Cluster Role Port Forward Pods
RBAC-008-6,rbac-008-6-cluster-role-port-forward-pods,alert,Attackers can open a backdoor communication channel directly to the sockets inside target container bypassing network security restrictions,ClusterRole.rules[].resources|Role.rules[].resources|.rules[].resources,IAM,RBAC-008,Cluster Role Port Forward Pods
RBAC-009-2,rbac-009-2-cluster-role-impersonation,alert,The impersonate privilege allows a subject to impersonate other users gaining their rights to the cluster,ClusterRole.rules[].verbs|Role.rules[].verbs|.rules[].verbs,IAM,RBAC-009,Cluster Role Impersonation
RBAC-010-5,rbac-010-5-cluster-role-manages-rbac,alert,Attackers can escalate privileges if they can update roles,ClusterRole.rules[].resources|ClusterRole.rules[].verbs|Role.rules[].resources|Role.rules[].verbs|.rules[].resources|.rules[].verbs,IAM,RBAC-010,Cluster Role Manages Rbac
RBAC-010-6,rbac-010-6-cluster-role-manages-rbac,alert,Attackers can escalate privileges if they can update roles,ClusterRole.rules[].resources|ClusterRole.rules[].verbs|Role.rules[].resources|Role.rules[].verbs|.rules[].resources|.rules[].verbs,IAM,RBAC-010,Cluster Role Manages Rbac
RBAC-010-7,rbac-010-7-cluster-role-manages-rbac,alert,Attackers can escalate privileges if they can update roles,ClusterRole.rules[].resources|ClusterRole.rules[].verbs|Role.rules[].resources|Role.rules[].verbs|.rules[].resources|.rules[].verbs,IAM,RBAC-010,Cluster Role Manages Rbac
RBAC-010-8,rbac-010-8-cluster-role-manages-rbac,alert,Attackers can escalate privileges if they can update roles,ClusterRole.rules[].resources|ClusterRole.rules[].verbs|Role.rules[].resources|Role.rules[].verbs|.rules[].resources|.rules[].verbs,IAM,RBAC-010,Cluster Role Manages Rbac
RBAC-020-5,rbac-020-5-cluster-role-manages-rbac,alert,Attackers can escalate privileges if they can update roles,ClusterRole.rules[].resources|ClusterRole.rules[].verbs|Role.rules[].resources|Role.rules[].verbs|.rules[].resources|.rules[].verbs,IAM,RBAC-020,Cluster Role Manages Rbac
RBAC-020-6,rbac-020-6-cluster-role-manages-rbac,alert,Attackers can escalate privileges if they can update roles,ClusterRole.rules[].resources|ClusterRole.rules[].verbs|Role.rules[].resources|Role.rules[].verbs|.rules[].resources|.rules[].verbs,IAM,RBAC-020,Cluster Role Manages Rbac
RBAC-020-7,rbac-020-7-cluster-role-manages-rbac,alert,Attackers can escalate privileges if they can update roles,ClusterRole.rules[].resources|ClusterRole.rules[].verbs|Role.rules[].resources|Role.rules[].verbs|.rules[].resources|.rules[].verbs,IAM,RBAC-020,Cluster Role Manages Rbac
RBAC-020-8,rbac-020-8-cluster-role-manages-rbac,alert,Attackers can escalate privileges if they can update roles,ClusterRole.rules[].resources|ClusterRole.rules[].verbs|Role.rules[].resources|Role.rules[].verbs|.rules[].resources|.rules[].verbs,IAM,RBAC-020,Cluster Role Manages Rbac
RBAC-012-4,rbac-012-4-cluster-role-info-disclosure,alert,Attackers can use disclosed information to plan their next steps,ClusterRole.rules[].resources|ClusterRole.rules[].verbs|Role.rules[].resources|Role.rules[].verbs|.rules[].resources|.rules[].verbs,IAM,RBAC-012,Cluster Role Info Disclosure
RBAC-012-5,rbac-012-5-cluster-role-info-disclosure,alert,Attackers can use disclosed information to plan their next steps,ClusterRole.rules[].resources|ClusterRole.rules[].verbs|Role.rules[].resources|Role.rules[].verbs|.rules[].resources|.rules[].verbs,IAM,RBAC-012,Cluster Role Info Disclosure
RBAC-012-6,rbac-012-6-cluster-role-info-disclosure,alert,Attackers can use disclosed information to plan their next steps,ClusterRole.rules[].resources|ClusterRole.rules[].verbs|Role.rules[].resources|Role.rules[].verbs|.rules[].resources|.rules[].verbs,IAM,RBAC-012,Cluster Role Info Disclosure
RBAC-013-3,rbac-013-3-cluster-role-destructive,alert,Attackers can use destructive permissions to destroy data and resources,ClusterRole.rules[].verbs|Role.rules[].verbs|.rules[].verbs,IAM,RBAC-013,Cluster Role Destructive
RBAC-013-4,rbac-013-4-cluster-role-destructive,alert,Attackers can use destructive permissions to destroy data and resources,ClusterRole.rules[].verbs|Role.rules[].verbs|.rules[].verbs,IAM,RBAC-013,Cluster Role Destructive
RBAC-014-3,rbac-014-3-cluster-role-event-deletion,alert,attackers may want to delete events in an attempt to avoid detection of their activity,ClusterRole.rules[].verbs|Role.rules[].verbs|.rules[].verbs,IAM,RBAC-014,Cluster Role Event Deletion
RBAC-014-4,rbac-014-4-cluster-role-event-deletion,alert,attackers may want to delete events in an attempt to avoid detection of their activity,ClusterRole.rules[].verbs|Role.rules[].verbs|.rules[].verbs,IAM,RBAC-014,Cluster Role Event Deletion
RBAC-015-3,rbac-015-3-cluster-role-core-dns-poisoning,alert,an attacker can poison the DNS server if he can modify configuration of the coreDNS server ,ClusterRole.rules[].verbs|Role.rules[].verbs|.rules[].verbs,IAM,RBAC-015,Cluster Role Core Dns Poisoning
RBAC-015-4,rbac-015-4-cluster-role-core-dns-poisoning,alert,an attacker can poison the DNS server if he can modify configuration of the coreDNS server ,ClusterRole.rules[].verbs|Role.rules[].verbs|.rules[].verbs,IAM,RBAC-015,Cluster Role Core Dns Poisoning
RBAC-021-4,rbac-021-4-only-admins-should-be-able-to-create-persistent-volumes,alert,,ClusterRole.rules[].resources|ClusterRole.rules[].verbs|Role.rules[].resources|Role.rules[].verbs|.rules[].resources|.rules[].verbs,IAM,RBAC-021,Only Admins Should Be Able To Create Persistent Volumes
RBAC-021-5,rbac-021-5-only-admins-should-be-able-to-update-persistent-volumes,alert,,ClusterRole.rules[].resources|ClusterRole.rules[].verbs|Role.rules[].resources|Role.rules[].verbs|.rules[].resources|.rules[].verbs,IAM,RBAC-021,Only Admins Should Be Able To Update Persistent Volumes
RBAC-021-6,rbac-021-6-only-admins-should-be-able-to-patch-persistent-volumes,alert,,ClusterRole.rules[].resources|ClusterRole.rules[].verbs|Role.rules[].resources|Role.rules[].verbs|.rules[].resources|.rules[].verbs,IAM,RBAC-021,Only Admins Should Be Able To Patch Persistent Volumes
RBAC-022-4,rbac-022-4-cluster-role-can-manage-networkpolicy,alert,(),ClusterRole.rules[].resources|ClusterRole.rules[].verbs|Role.rules[].resources|Role.rules[].verbs|.rules[].resources|.rules[].verbs,IAM,RBAC-022,Cluster Role Can Manage Networkpolicy
RBAC-022-5,rbac-022-5-cluster-role-can-manage-networkpolicy,alert,(),ClusterRole.rules[].resources|ClusterRole.rules[].verbs|Role.rules[].resources|Role.rules[].verbs|.rules[].resources|.rules[].verbs,IAM,RBAC-022,Cluster Role Can Manage Networkpolicy
RBAC-022-6,rbac-022-6-cluster-role-can-manage-networkpolicy,alert,(),ClusterRole.rules[].resources|ClusterRole.rules[].verbs|Role.rules[].resources|Role.rules[].verbs|.rules[].resources|.rules[].verbs,IAM,RBAC-022,Cluster Role Can Manage Networkpolicy
RBAC-016,rbac-016-serviceaccount-without-binding,alert,all service accounts should be bound to roles,ClusterRoleBinding.subjects[].name|RoleBinding.subjects[].name|.subjects[].name,IAM,RBAC-016,Serviceaccount Without Binding
RBAC-017,rbac-017-too-many-roles-per-subject,alert,,ClusterRoleBinding.subjects[].name|RoleBinding.subjects[].name|.subjects[].name,IAM,RBAC-017,Too Many Roles Per Subject
NP-001,np-001-namespace-without-network-policy,alert,,NetworkPolicy.metadata.namespace,Segregation,NP-001,Namespace Without Network Policy
NP-002-1,np-002-1-only-ingress-is-blocked,alert,,NetworkPolicy.spec.policyTypes[]|.spec.policyTypes[],Segregation,NP-002,Only Ingress Is Blocked
NP-002-2,np-002-2-only-egress-is-blocked,alert,,NetworkPolicy.spec.policyTypes[]|.spec.policyTypes[],Segregation,NP-002,Only Egress Is Blocked
NP-003,np-003-network-policy-allows-access-to-cloud-metadata-api,alert,,NetworkPolicy.egress[].to[].ipBlock|.egress[].to[].ipBlock,Segregation,NP-003,Network Policy Allows Access To Cloud Metadata Api
NP-004,np-004-network-policy-allows-access-to-kubelet,alert,,NetworkPolicy.spec.egress[].ports[].port|.spec.egress[].ports[].port,Segregation,NP-004,Network Policy Allows Access To Kubelet
NP-005,np-005-network-policy-refers-no-valid-workload,alert,,NetworkPolicy.spec.podSelector|.spec.podSelector,Segregation,NP-005,Network Policy Refers No Valid Workload
WL-001,wl-001-unmanaged-pods-are-discouraged,alert,Pods shouldn't be deployed without a resource managing it,.metadata.ownerReferences|.kind,Workload,WL-001,Unmanaged Pods Are Discouraged
POD-002-1,pod-002-1-explicit-default-serviceaccountname,alert,`default` ServiceAccount should never be used. Create a dedicated ServiceAccount when access to API server is needed when access to API server is needed.,.spec.serviceAccountName,Workload,POD-002,Explicit Default Serviceaccountname
POD-002-2,pod-002-2-no-serviceaccountname-specified,alert,"if no service account is specified it defaults to the `default` ServiceAccount, which should be avoided. Create a dedicated ServiceAccount without any permissions instead.",.spec.serviceAccountName,Workload,POD-002,No Serviceaccountname Specified
POD-003-1,pod-003-1-automount-serviceaccounttoken-by-default,alert,relying on default on both pod and SA level leads to token being needlessly mounted,.spec.automountServiceAccountToken|.automountServiceAccountToken,Workload,POD-003,Automount Serviceaccounttoken By Default
POD-003-2,pod-003-2-default-pod-automount-sa,alert,allowing automounting on SA leads to all pods without explicit setting to mount it automatically,.spec.automountServiceAccountToken|.automountServiceAccountToken,Workload,POD-003,Default Pod Automount Sa
POD-003-3,pod-003-3-default-pod-no-automount-sa,pass,disabling automounting at SA level will be the default for pods as well,.spec.automountServiceAccountToken|.automountServiceAccountToken,Workload,POD-003,Default Pod No Automount Sa
POD-003-4,pod-003-4-automount-pod-default-sa,alert,enabling automounting at Pod level takes precedence over SA,.spec.automountServiceAccountToken|.automountServiceAccountToken,Workload,POD-003,Automount Pod Default Sa
POD-003-5,pod-003-5-automount-pod-and-sa,alert,enabling automounting at Pod level takes precedence over SA,.spec.automountServiceAccountToken|.automountServiceAccountToken,Workload,POD-003,Automount Pod And Sa
POD-003-6,pod-003-6-automount-pod-no-automount-sa,alert,enabling automounting at Pod level takes precedence over SA,.spec.automountServiceAccountToken|.automountServiceAccountToken,Workload,POD-003,Automount Pod No Automount Sa
POD-003-7,pod-003-7-no-automount-pod-default-sa,pass,disabling automounting at Pod level takes precedence over SA,.spec.automountServiceAccountToken|.automountServiceAccountToken,Workload,POD-003,No Automount Pod Default Sa
POD-003-8,pod-003-8-no-automount-pod-automount-sa,pass,disabling automounting at Pod level takes precedence over SA,.spec.automountServiceAccountToken|.automountServiceAccountToken,Workload,POD-003,No Automount Pod Automount Sa
POD-003-9,pod-003-9-no-automount-pod-and-sa,pass,disabling automounting at Pod level takes precedence over SA,.spec.automountServiceAccountToken|.automountServiceAccountToken,Workload,POD-003,No Automount Pod And Sa
REL-004-1,rel-004-1-no-nodeselector-or-nodeaffinity-specified,alert,Pods with high risk workloads can be assigned to specific node to separate them from other workloads,.spec.nodeSelector|.spec.affinity.nodeAffinity,Reliability,REL-004,No Nodeselector Or Nodeaffinity Specified
REL-004-2,rel-004-2-only-nodeaffinity-is-enough,pass,Pods with high risk workloads can be assigned to specific node to separate them from other workloads,.spec.nodeSelector|.spec.affinity.nodeAffinity,Reliability,REL-004,Only Nodeaffinity Is Enough
REL-004-3,rel-004-3-only-nodeselector-is-enough,pass,Pods with high risk workloads can be assigned to specific node to separate them from other workloads,.spec.nodeSelector|.spec.affinity.nodeAffinity,Reliability,REL-004,Only Nodeselector Is Enough
REL-003,rel-003-no-priorityclass,alert,Pods with high risk workloads can be assigned higher PriorityClasses to ensure reliability,.spec.priorityClassName,Reliability,REL-003,No Priorityclass
REL-001,rel-001-no-readinessprobe-defined,alert,Configuring a readinessProbe is recommended as it's intended to ensure that workload is ready to process network traffic,.spec.containers[].readinessProbe,Reliability,REL-001,No Readinessprobe Defined
REL-002,rel-002-no-livenessprobe-defined,alert,"Configuring a livenessProbe is recommended as it's intended to ensure that workload remains healthy during its entire execution lifecycle, or otherwise restart the container.",.spec.containers[].livenessProbe,Reliability,REL-002,No Livenessprobe Defined
POD-008-1,pod-008-1-hostpid-flag-not-set,pass,The hostPID defaults to `false` and thus should be okay,.spec.hostPID,Workload,POD-008,Hostpid Flag Not Set
POD-008-2,pod-008-2-hostpid-flag-set,alert,Containers should be isolated from the host machine as much as possible. `hostPID` pods may allow cross-container influence and may expose the host itself to potentially malicious or destructive actions,.spec.hostPID,Workload,POD-008,Hostpid Flag Set
POD-009-1,pod-009-1-hostipc-flag-not-set,pass,The hostIPC defaults to `false` and thus should be okay,.spec.hostIPC,Workload,POD-009,Hostipc Flag Not Set
POD-009-2,pod-009-2-hostipc-flag-set,alert,Containers should be isolated from the host machine as much as possible. `hostIPC` on pods may allow cross-container influence and may expose the host itself to potentially malicious or destructive actions,.spec.hostIPC,Workload,POD-009,Hostipc Flag Set
POD-010-1,pod-010-1-hostnetwork-flag-not-set,pass,The hostNetwork defaults to `false` and thus should be okay,.spec.hostNetwork,Workload,POD-010,Hostnetwork Flag Not Set
POD-010-2,pod-010-2-hostnetwork-flag-set,alert,Containers should be isolated from the host machine as much as possible.,.spec.hostNetwork,Workload,POD-010,Hostnetwork Flag Set
POD-011,pod-011-pod-uses-hostport,alert,"When you bind a Pod to a hostPort, it limits the number of places the  Pod can be scheduled, because each <hostIP, hostPort, protocol> combination must be unique.",.spec.containers[].ports[].hostPort,Workload,POD-011,Pod Uses Hostport
POD-012,pod-012-pod-uses-hostaliases-to-modify-its--etc-hosts,alert,Managing /etc/hosts aliases can prevent Docker from modifying the file after a pod's containers have already been started,.spec.hostAliases,Workload,POD-012,Pod Uses Hostaliases To Modify Its  Etc Hosts
POD-013,pod-013-deprecate-serviceaccount-field-used,alert,"ServiceAccount field is deprecated, ServiceAccountName should be used instead",.spec.serviceAccount,Workload,POD-013,Deprecate Serviceaccount Field Used
POD-014,pod-014-no-apparmor-profile-defined,alert,AppArmor can be configured for any application to reduce its potential attack surface and provide greater in-depth defense.,.metadata.annotations|.metadata.annotations.container.apparmor.security.beta.kubernetes.io.metadata.annotations[container.apparmor.security.beta.kubernetes.io],Workload,POD-014,No Apparmor Profile Defined
POD-016,pod-016-no-podsecuritycontext-defined,alert,not providing a podSecurityContext leads to the use of too permissive settings for the pod,.spec.securityContext,Workload,POD-016,No Podsecuritycontext Defined
POD-017-1,pod-017-1-use-runasnonroot-flag-on-pod,pass,Using runAsNonRoot is a viable alternative to `runAsUser>1000`,.spec.securityContext.runAsNonRoot|.spec.securityContext.runAsUser|.spec.containers[].securityContext.runAsNonRoot|.spec.containers[].securityContext.runAsUser,Workload,POD-017,Use Runasnonroot Flag On Pod
POD-017-2,pod-017-2-no-runasnonroot-defaults-to-root-user,alert,Having neither runAsNonRoot nor `runAsUser>1000` means a user has elevated privileges,.spec.securityContext.runAsNonRoot|.spec.securityContext.runAsUser|.spec.containers[].securityContext.runAsNonRoot|.spec.containers[].securityContext.runAsUser,Workload,POD-017,No Runasnonroot Defaults To Root User
POD-017-3,pod-017-3-runasnonroot-is-optional,pass,Using runAsNonRoot is a viable alternative to `runAsUser>1000`,.spec.securityContext.runAsNonRoot|.spec.securityContext.runAsUser|.spec.containers[].securityContext.runAsNonRoot|.spec.containers[].securityContext.runAsUser,Workload,POD-017,Runasnonroot Is Optional
POD-017-4,pod-017-4-use-root-user-in-pod,alert,Having neither runAsNonRoot nor `runAsUser>1000` means a user has elevated privileges,.spec.securityContext.runAsNonRoot|.spec.securityContext.runAsUser|.spec.containers[].securityContext.runAsNonRoot|.spec.containers[].securityContext.runAsUser,Workload,POD-017,Use Root User In Pod
POD-017-5,pod-017-5-use-runasnonroot-flag-on-container,pass,Using runAsNonRoot is a viable alternative to `runAsUser>1000`,.spec.securityContext.runAsNonRoot|.spec.securityContext.runAsUser|.spec.containers[].securityContext.runAsNonRoot|.spec.containers[].securityContext.runAsUser,Workload,POD-017,Use Runasnonroot Flag On Container
POD-017-6,pod-017-6-runasnonroot-is-optional-on-container,pass,Using runAsNonRoot is a viable alternative to `runAsUser>1000`,.spec.securityContext.runAsNonRoot|.spec.securityContext.runAsUser|.spec.containers[].securityContext.runAsNonRoot|.spec.containers[].securityContext.runAsUser,Workload,POD-017,Runasnonroot Is Optional On Container
POD-017-7,pod-017-7-use-root-user-on-container,alert,Having neither runAsNonRoot nor `runAsUser>1000` means a user has elevated privileges,.spec.securityContext.runAsNonRoot|.spec.securityContext.runAsUser|.spec.containers[].securityContext.runAsNonRoot|.spec.containers[].securityContext.runAsUser,Workload,POD-017,Use Root User On Container
POD-017-8,pod-017-8-set-runasnonroot-correctly-on-container,pass,runAsNonRoot setting on container takes precedence,.spec.securityContext.runAsNonRoot|.spec.securityContext.runAsUser|.spec.containers[].securityContext.runAsNonRoot|.spec.containers[].securityContext.runAsUser,Workload,POD-017,Set Runasnonroot Correctly On Container
POD-017-9,pod-017-9-set-runasnonroot-not-correctly-on-container,alert,runAsNonRoot setting on container takes precedence,.spec.securityContext.runAsNonRoot|.spec.securityContext.runAsUser|.spec.containers[].securityContext.runAsNonRoot|.spec.containers[].securityContext.runAsUser,Workload,POD-017,Set Runasnonroot Not Correctly On Container
POD-018-1,pod-018-1-no-runasuser-defaults-to-root-user,alert,Having neither runAsNonRoot nor `runAsUser>1000` means a user has elevated privileges,.spec.securityContext.runAsUser|.spec.securityContext.runAsNonRoot|.spec.containers[].securityContext.runAsUser|.spec.containers[].securityContext.runAsNonRoot,Workload,POD-018,No Runasuser Defaults To Root User
POD-018-2,pod-018-2-use-uid-between-1k-10k-on-pod,pass,An UID above 1000 is enough to avoid running as a system user,.spec.securityContext.runAsUser|.spec.securityContext.runAsNonRoot|.spec.containers[].securityContext.runAsUser|.spec.containers[].securityContext.runAsNonRoot,Workload,POD-018,Use Uid Between 1K 10K On Pod
POD-018-3,pod-018-3-use-uid-between-1k-10k-on-container,pass,An UID above 1000 is enough to avoid running as a system user,.spec.securityContext.runAsUser|.spec.securityContext.runAsNonRoot|.spec.containers[].securityContext.runAsUser|.spec.containers[].securityContext.runAsNonRoot,Workload,POD-018,Use Uid Between 1K 10K On Container
POD-018-4,pod-018-4-use-uid-set-in-container-takes-precedence,pass,"in case of conflicting settings, the value on the container takes precedence",.spec.securityContext.runAsUser|.spec.securityContext.runAsNonRoot|.spec.containers[].securityContext.runAsUser|.spec.containers[].securityContext.runAsNonRoot,Workload,POD-018,Use Uid Set In Container Takes Precedence
POD-018-5,pod-018-5-use-uid-set-in-container-takes-precedence,alert,"in case of conflicting settings, the value on the container takes precedence",.spec.securityContext.runAsUser|.spec.securityContext.runAsNonRoot|.spec.containers[].securityContext.runAsUser|.spec.containers[].securityContext.runAsNonRoot,Workload,POD-018,Use Uid Set In Container Takes Precedence
POD-019-1,pod-019-1-no-runasgroup-defaults-to-root-group,alert,"by default GID 0 is used, which has elevated privileges",.spec.securityContext.runAsGroup|.spec.containers[].securityContext.runAsGroup,Workload,POD-019,No Runasgroup Defaults To Root Group
POD-019-2,pod-019-2-use-gid-between-1k-10k-on-pod,pass,An GID above 1000 is enough to avoid running as a system user,.spec.securityContext.runAsGroup|.spec.containers[].securityContext.runAsGroup,Workload,POD-019,Use Gid Between 1K 10K On Pod
POD-019-3,pod-019-3-use-gid-between-1k-10k-on-container,pass,An GID above 1000 is enough to avoid running as a system user,.spec.securityContext.runAsGroup|.spec.containers[].securityContext.runAsGroup,Workload,POD-019,Use Gid Between 1K 10K On Container
POD-019-4,pod-019-4-use-gid-set-in-container-takes-precedence,pass,"in case of conflicting settings, the value on the container takes precedence",.spec.securityContext.runAsGroup|.spec.containers[].securityContext.runAsGroup,Workload,POD-019,Use Gid Set In Container Takes Precedence
POD-019-5,pod-019-5-use-gid-set-in-container-takes-precedence,alert,"in case of conflicting settings, the value on the container takes precedence",.spec.securityContext.runAsGroup|.spec.containers[].securityContext.runAsGroup,Workload,POD-019,Use Gid Set In Container Takes Precedence
POD-021-0,pod-021-0-using-sysctl-kernel.shm-rmid-forced,alert,Giving dangerous capabilities to a container increases the impact of a container compromise,.spec.securityContext.sysctls[],Workload,POD-021,Using Sysctl Kernel.Shm Rmid Forced
POD-021-1,pod-021-1-using-sysctl-net.ipv4.tcp-keepalive-time,alert,Giving dangerous capabilities to a container increases the impact of a container compromise,.spec.securityContext.sysctls[],Workload,POD-021,Using Sysctl Net.Ipv4.Tcp Keepalive Time
POD-021-2,pod-021-2-using-sysctl-net.ipv4.tcp-keepalive-probes,alert,Giving dangerous capabilities to a container increases the impact of a container compromise,.spec.securityContext.sysctls[],Workload,POD-021,Using Sysctl Net.Ipv4.Tcp Keepalive Probes
POD-022-1,pod-022-1-linux-is-not-hardened,alert,Not hardening a linux system can increase the impact of a compromise,.metadata.annotations|.metadata.annotations.container.apparmor.security.beta.kubernetes.io|.metadata.annotations[container.apparmor.security.beta.kubernetes.io]|.spec.securityContext.seccompProfile|.spec.securityContext.seLinuxOptions|.spec.containers[].securityContext.seccompProfile|.spec.containers[].securityContext.seLinuxOptions,Workload,POD-022,Linux Is Not Hardened
POD-022-2,pod-022-2-one-approach-to-hardening-linux-is-enough,pass,Not hardening a linux system can increase the impact of a compromise,.metadata.annotations|.metadata.annotations.container.apparmor.security.beta.kubernetes.io|.metadata.annotations[container.apparmor.security.beta.kubernetes.io]|.spec.securityContext.seccompProfile|.spec.securityContext.seLinuxOptions|.spec.containers[].securityContext.seccompProfile|.spec.containers[].securityContext.seLinuxOptions,Workload,POD-022,One Approach To Hardening Linux Is Enough
POD-022-3,pod-022-3-one-approach-to-hardening-linux-is-enough,pass,Not hardening a linux system can increase the impact of a compromise,.metadata.annotations|.metadata.annotations.container.apparmor.security.beta.kubernetes.io|.metadata.annotations[container.apparmor.security.beta.kubernetes.io]|.spec.securityContext.seccompProfile|.spec.securityContext.seLinuxOptions|.spec.containers[].securityContext.seccompProfile|.spec.containers[].securityContext.seLinuxOptions,Workload,POD-022,One Approach To Hardening Linux Is Enough
POD-023,pod-023-no-seccomp-profile-defined,alert,not providing a seccomp profile allows a process more capabilities than necessary,.metadata.annotations|.metadata.annotations.seccomp.security.alpha.kubernetes.io/pod|.metadata.annotations[seccomp.security.alpha.kubernetes.io/pod]|.spec.securityContext.seccompProfile|.spec.containers[].securityContext.seccompProfile,Workload,POD-023,No Seccomp Profile Defined
POD-024-0,pod-024-0-usage-of-bin-bash-in-container,alert,Attackers who can run a cmd/bash script inside a container can use it to execute malicious code,.spec.containers[].command,Workload,POD-024,Usage Of Bin Bash In Container
POD-024-1,pod-024-1-usage-of-sbin-sh-in-container,alert,Attackers who can run a cmd/bash script inside a container can use it to execute malicious code,.spec.containers[].command,Workload,POD-024,Usage Of Sbin Sh In Container
POD-024-2,pod-024-2-usage-of-bin-ksh-in-container,alert,Attackers who can run a cmd/bash script inside a container can use it to execute malicious code,.spec.containers[].command,Workload,POD-024,Usage Of Bin Ksh In Container
POD-024-3,pod-024-3-usage-of-bin-tcsh-in-container,alert,Attackers who can run a cmd/bash script inside a container can use it to execute malicious code,.spec.containers[].command,Workload,POD-024,Usage Of Bin Tcsh In Container
POD-024-4,pod-024-4-usage-of-bin-zsh-in-container,alert,Attackers who can run a cmd/bash script inside a container can use it to execute malicious code,.spec.containers[].command,Workload,POD-024,Usage Of Bin Zsh In Container
POD-024-5,pod-024-5-usage-of-usr-bin-scsh-in-container,alert,Attackers who can run a cmd/bash script inside a container can use it to execute malicious code,.spec.containers[].command,Workload,POD-024,Usage Of Usr Bin Scsh In Container
POD-024-6,pod-024-6-usage-of-bin-csh-in-container,alert,Attackers who can run a cmd/bash script inside a container can use it to execute malicious code,.spec.containers[].command,Workload,POD-024,Usage Of Bin Csh In Container
POD-024-7,pod-024-7-usage-of-bin-busybox-in-container,alert,Attackers who can run a cmd/bash script inside a container can use it to execute malicious code,.spec.containers[].command,Workload,POD-024,Usage Of Bin Busybox In Container
POD-024-8,pod-024-8-usage-of-usr-bin-busybox-in-container,alert,Attackers who can run a cmd/bash script inside a container can use it to execute malicious code,.spec.containers[].command,Workload,POD-024,Usage Of Usr Bin Busybox In Container
POD-025,pod-025-sensitive-key-referenced-in-environment-variable,alert,Attackers can retrieve and use sensitive information provided via environment variables,.spec.containers[].env[].name,DataSecurity,POD-025,Sensitive Key Referenced In Environment Variable
SC-001-1,sc-001-1-imagepullpolicy-defaults-to-always,pass,Kubernetes may run older version of the container images without user knowing about this,.spec.containers[].imagePullPolicy,Workload,SC-001,Imagepullpolicy Defaults To Always
SC-001-2,sc-001-2-no-proper-imagepullpolicy-set,alert,Kubernetes may run older version of the container images without user knowing about this,.spec.containers[].imagePullPolicy,Workload,SC-001,No Proper Imagepullpolicy Set
SC-001-3,sc-001-3-no-proper-imagepullpolicy-set,alert,Kubernetes may run older version of the container images without user knowing about this,.spec.containers[].imagePullPolicy,Workload,SC-001,No Proper Imagepullpolicy Set
SC-002-1,sc-002-1-tag-instead-of-digest-is-fine,pass,Specify an explicit tag or digest to have full control over the running container image,.spec.containers[].image,Workload,SC-002,Tag Instead Of Digest Is Fine
SC-002-2,sc-002-2-using-latest-image-tag,alert,When using latest image tag the used image can change without the user knowing about this,.spec.containers[].image,Workload,SC-002,Using Latest Image Tag
SC-002-3,sc-002-3-no-explicit-tag,alert,Kubernetes may run older version of the container images without user knowing about this,.spec.containers[].image,Workload,SC-002,No Explicit Tag
POD-030,pod-030-no-securitycontext-defined,alert,Not providing a securityContext leads to the use of too permissive settings for the containers,.spec.containers[].securityContext,Workload,POD-030,No Securitycontext Defined
POD-031-1,pod-031-1-allowed-privilege-escalation-by-default,alert,"Avoid using the privileged flag, and if your container does need additional capabilities, add only the ones you need through the capabilities settings. ",.spec.containers[].securityContext.allowPrivilegeEscalation,Workload,POD-031,Allowed Privilege Escalation By Default
POD-031-2,pod-031-2-allowed-privilege-escalation-explicitly,alert,"Avoid using the privileged flag, and if your container does need additional capabilities, add only the ones you need through the capabilities settings. ",.spec.containers[].securityContext.allowPrivilegeEscalation,Workload,POD-031,Allowed Privilege Escalation Explicitly
POD-032-1,pod-032-1-non-privileged-container-by-default,pass,Changing the privileged flag is optional as it defaults to False,.spec.containers[].securityContext.privileged,Workload,POD-032,Non Privileged Container By Default
POD-032-2,pod-032-2-privileged-container,alert,Privileged containers can do almost every action that can be performed directly on the host.,.spec.containers[].securityContext.privileged|.spec.containers[].securityContext.allowPrivilegeEscalation,Workload,POD-032,Privileged Container
POD-033-1,pod-033-1-root-fs-is-writeable-by-default,alert,Using an immutable root filesystem prevents against attackers from compromising the machine through permanent local changes.,.spec.containers[].securityContext.readOnlyRootFilesystem,Workload,POD-033,Root Fs Is Writeable By Default
POD-033-2,pod-033-2-root-fs-is-explicitly-writeable,alert,Using an immutable root filesystem prevents against attackers from compromising the machine through permanent local changes.,.spec.containers[].securityContext.readOnlyRootFilesystem,Workload,POD-033,Root Fs Is Explicitly Writeable
POD-034-1,pod-034-1-using-dangerous-capability-all,alert,Dangerous capabilities can increase the impact of a container compromise,.spec.containers[].securityContext.capabilities,Workload,POD-034,Using Dangerous Capability All
POD-034-2,pod-034-2-using-dangerous-capability-sys-admin,alert,Dangerous capabilities can increase the impact of a container compromise,.spec.containers[].securityContext.capabilities,Workload,POD-034,Using Dangerous Capability Sys Admin
POD-034-3,pod-034-3-using-dangerous-capability-net-admin,alert,Dangerous capabilities can increase the impact of a container compromise,.spec.containers[].securityContext.capabilities,Workload,POD-034,Using Dangerous Capability Net Admin
POD-035-1,pod-035-1-using-insecure-capability-audit-write,alert,Insecure capabilities can increase the impact of a container compromise,.spec.containers[].securityContext.capabilities,Workload,POD-035,Using Insecure Capability Audit Write
POD-035-2,pod-035-2-using-insecure-capability-bpf,alert,Insecure capabilities can increase the impact of a container compromise,.spec.containers[].securityContext.capabilities,Workload,POD-035,Using Insecure Capability Bpf
POD-035-3,pod-035-3-using-insecure-capability-chown,alert,Insecure capabilities can increase the impact of a container compromise,.spec.containers[].securityContext.capabilities,Workload,POD-035,Using Insecure Capability Chown
POD-035-4,pod-035-4-using-insecure-capability-dac-overrides,alert,Insecure capabilities can increase the impact of a container compromise,.spec.containers[].securityContext.capabilities,Workload,POD-035,Using Insecure Capability Dac Overrides
POD-035-5,pod-035-5-using-insecure-capability-fowner,alert,Insecure capabilities can increase the impact of a container compromise,.spec.containers[].securityContext.capabilities,Workload,POD-035,Using Insecure Capability Fowner
POD-035-6,pod-035-6-using-insecure-capability-fsetid,alert,Insecure capabilities can increase the impact of a container compromise,.spec.containers[].securityContext.capabilities,Workload,POD-035,Using Insecure Capability Fsetid
POD-035-7,pod-035-7-using-insecure-capability-kill,alert,Insecure capabilities can increase the impact of a container compromise,.spec.containers[].securityContext.capabilities,Workload,POD-035,Using Insecure Capability Kill
POD-035-8,pod-035-8-using-insecure-capability-mac-override,alert,Insecure capabilities can increase the impact of a container compromise,.spec.containers[].securityContext.capabilities,Workload,POD-035,Using Insecure Capability Mac Override
POD-035-9,pod-035-9-using-insecure-capability-mac-admin,alert,Insecure capabilities can increase the impact of a container compromise,.spec.containers[].securityContext.capabilities,Workload,POD-035,Using Insecure Capability Mac Admin
POD-035-10,pod-035-10-using-insecure-capability-mknod,alert,Insecure capabilities can increase the impact of a container compromise,.spec.containers[].securityContext.capabilities,Workload,POD-035,Using Insecure Capability Mknod
POD-035-11,pod-035-11-using-insecure-capability-net-bind-service,alert,Insecure capabilities can increase the impact of a container compromise,.spec.containers[].securityContext.capabilities,Workload,POD-035,Using Insecure Capability Net Bind Service
POD-035-12,pod-035-12-using-insecure-capability-net-raw,alert,Insecure capabilities can increase the impact of a container compromise,.spec.containers[].securityContext.capabilities,Workload,POD-035,Using Insecure Capability Net Raw
POD-035-13,pod-035-13-using-insecure-capability-perfmon,alert,Insecure capabilities can increase the impact of a container compromise,.spec.containers[].securityContext.capabilities,Workload,POD-035,Using Insecure Capability Perfmon
POD-035-14,pod-035-14-using-insecure-capability-setfcap,alert,Insecure capabilities can increase the impact of a container compromise,.spec.containers[].securityContext.capabilities,Workload,POD-035,Using Insecure Capability Setfcap
POD-035-15,pod-035-15-using-insecure-capability-setgid,alert,Insecure capabilities can increase the impact of a container compromise,.spec.containers[].securityContext.capabilities,Workload,POD-035,Using Insecure Capability Setgid
POD-035-16,pod-035-16-using-insecure-capability-setpcap,alert,Insecure capabilities can increase the impact of a container compromise,.spec.containers[].securityContext.capabilities,Workload,POD-035,Using Insecure Capability Setpcap
POD-035-17,pod-035-17-using-insecure-capability-setuid,alert,Insecure capabilities can increase the impact of a container compromise,.spec.containers[].securityContext.capabilities,Workload,POD-035,Using Insecure Capability Setuid
POD-035-18,pod-035-18-using-insecure-capability-sys-boot,alert,Insecure capabilities can increase the impact of a container compromise,.spec.containers[].securityContext.capabilities,Workload,POD-035,Using Insecure Capability Sys Boot
POD-035-19,pod-035-19-using-insecure-capability-sys-chroot,alert,Insecure capabilities can increase the impact of a container compromise,.spec.containers[].securityContext.capabilities,Workload,POD-035,Using Insecure Capability Sys Chroot
POD-035-20,pod-035-20-using-insecure-capability-sys-module,alert,Insecure capabilities can increase the impact of a container compromise,.spec.containers[].securityContext.capabilities,Workload,POD-035,Using Insecure Capability Sys Module
POD-035-21,pod-035-21-using-insecure-capability-sys-rawio,alert,Insecure capabilities can increase the impact of a container compromise,.spec.containers[].securityContext.capabilities,Workload,POD-035,Using Insecure Capability Sys Rawio
POD-035-22,pod-035-22-using-insecure-capability-sys-ptrace,alert,Insecure capabilities can increase the impact of a container compromise,.spec.containers[].securityContext.capabilities,Workload,POD-035,Using Insecure Capability Sys Ptrace
POD-036,pod-036-keep-default-capabilities,alert,"When not dropping all capabilities the container gets the capabilities defined by the container runtime, which is often fairly generous and does not adhere to principle of least privilege",.spec.containers[].securityContext.capabilities.drop,Workload,POD-036,Keep Default Capabilities
RES-001-1,res-001-1-default-memory-requests-from-namespace,pass,not setting default memory requests can lead to problems upon admission,.spec.containers[].resources.requests.memory,Reliability,RES-001,Default Memory Requests From Namespace
RES-001-2,res-001-2-no-memory-requests,alert,not setting memory requests can lead to problems upon admission,.spec.containers[].resources.requests.memory,Reliability,RES-001,No Memory Requests
RES-002-1,res-002-1-default-memory-limits-from-namespace,pass,not setting memory limit can lead to the pod suffocating the node by using all available memory,.spec.containers[].resources.limits.memory,Reliability,RES-002,Default Memory Limits From Namespace
RES-002-2,res-002-2-no-memory-limits,alert,not setting memory limit can lead to the pod suffocating the node by using all available memory,.spec.containers[].resources.limits.memory,Reliability,RES-002,No Memory Limits
RES-003-1,res-003-1-default-cpu-requests-from-namespace,pass,not setting default CPU requests can lead to problems upon admission,.spec.containers[].resources.requests.cpu,Reliability,RES-003,Default Cpu Requests From Namespace
RES-003-2,res-003-2-no-cpu-requests,alert,not setting CPU requests can lead to problems upon admission,.spec.containers[].resources.requests.cpu,Reliability,RES-003,No Cpu Requests
RES-004-1,res-004-1-default-cpu-limits-from-namespace,pass,not setting CPU limit can lead to the pod suffocating the node by using all available CPU,.spec.containers[].resources.limits.cpu,Reliability,RES-004,Default Cpu Limits From Namespace
RES-004-2,res-004-2-no-cpu-limits,alert,not setting CPU limit can lead to the pod suffocating the node by using all available CPU,.spec.containers[].resources.limits.cpu,Reliability,RES-004,No Cpu Limits
RES-005-1,res-005-1-default-ephemeral-storage-requests-from-namespace,pass,not setting ephemeral storarge limit can suffocate the node by using all available storage,.spec.containers[].resources.requests.ephemeral-storage,Reliability,RES-005,Default Ephemeral Storage Requests From Namespace
RES-005-2,res-005-2-no-ephemeral-storage-requests,alert,not setting ephemeral storage limit can suffocate the node by using all available CPU,.spec.containers[].resources.requests.ephemeral-storage,Reliability,RES-005,No Ephemeral Storage Requests
RES-006-1,res-006-1-default-ephemeral-storage-limits-from-namespace,pass,not setting ephemeral storarge limit can suffocate the node by using all available storage,.spec.containers[].resources.limits.ephemeral-storage,Reliability,RES-006,Default Ephemeral Storage Limits From Namespace
RES-006-2,res-006-2-no-ephemeral-storage-limits,alert,not setting ephemeral storage limit can suffocate the node by using all available CPU,.spec.containers[].resources.limits.ephemeral-storage,Reliability,RES-006,No Ephemeral Storage Limits
POD-042-1,pod-042-1-volume-with-read-only-hostpath,pass,using hostPath is not ideal but can be tolerated when it's read-only,.spec.volumes[]|.spec.volumes[].hostPath|.spec.volumes[].hostPath.path|.spec.containers[].volumeMounts[],Workload,POD-042,Volume With Read Only Hostpath
POD-042-2,pod-042-2-volume-with-writeable-hostpath,alert,Attackers can use a writable hostpath to gain persistence on underlying host system,.spec.volumes[]|.spec.volumes[].hostPath|.spec.volumes[].hostPath.path|.spec.containers[].volumeMounts[],Workload,POD-042,Volume With Writeable Hostpath
POD-042-3,pod-042-3-volume-with-writeable-hostpath-by-default,alert,Attackers can use a writable hostpath to gain persistence on underlying host system,.spec.volumes[]|.spec.volumes[].hostPath|.spec.volumes[].hostPath.path|.spec.containers[].volumeMounts[],Workload,POD-042,Volume With Writeable Hostpath By Default
POD-043-1,pod-043-1-mount-azure-cloud-credentials,alert,"Mounting Docker socket (Unix socket) enables container to access Docker internals, retrieve sensitive information and execute Docker commands.",.spec.volumes[]|.spec.volumes[].hostPath|.spec.volumes[].hostPath.path|.spec.containers[].volumeMounts[],Workload,POD-043,Mount Azure Cloud Credentials
POD-044-1,pod-044-1-mounting-docker-socket,alert,"Mounting Docker socket (Unix socket) enables container to access Docker internals, retrieve sensitive information and execute Docker commands.",.spec.volumes[]|.spec.volumes[].hostPath|.spec.volumes[].hostPath.path|.spec.containers[].volumeMounts[],Workload,POD-044,Mounting Docker Socket
POD-044-2,pod-044-2-mounting-docker-directory,alert,"mounting Docker socket (Unix socket) enables container to access Docker internals, retrieve sensitive information and execute Docker commands.",.spec.volumes[]|.spec.volumes[].hostPath|.spec.volumes[].hostPath.path|.spec.containers[].volumeMounts[],Workload,POD-044,Mounting Docker Directory
POD-045,pod-045-pod-contains-cve-2021-25741,alert,"A user may be able to create a container with subPath or subPathExpr volume mounts to access files & directories anywhere on the host filesystem. Following Kubernetes versions are affected: v1.22.0-v1.22.1, v1.21.0-v1.21.4, v1.20.0-v1.20.10, <v1.19.14",.spec.volumes[]|.spec.volumes[].hostPath|.spec.volumes[].hostPath.path|.spec.containers[].volumeMounts[],Vulnerability,POD-045,Pod Contains Cve 2021 25741
CM-001,cm-001-sensitive-key-referenced-in-configmap,alert,Attackers can retrieve and use sensitive information provided via config maps,.data.aws_access_key_id|.data.aws_secret_access_key|.data.azure_batchai_storage_account|.data.azure_batchai_storage_key|.data.azure_batch_account|.data.azure_batch_key|.data.secret|.data.key|.data.password|.data.pwd|.data.token|.data.jwt|.data.bearer|.data.credential,DataSecurity,CM-001,Sensitive Key Referenced In Configmap
NS-001,ns-001-use-default-namespace,alert,not setting memory limit can lead to the pod suffocating the node by using all available memory,.metadata.namespace,Segregation,NS-001,Use Default Namespace
NS-002-1,ns-002-1-place-pod-in-kube-system,alert,azure should not be used for custom workloads,.metadata.namespace,Segregation,NS-002,Place Pod In Kube System
NS-002-2,ns-002-2-place-pod-in-kube-public,alert,azure should not be used for custom workloads,.metadata.namespace,Segregation,NS-002,Place Pod In Kube Public
